{"meta":{"version":"v1.0.0","entity":"WEB_PAGE"},"data":[{"id":4,"themeId":2,"group":"WEBSITE","name":"Contact","url":null,"publish":1,"description":null,"seoProps":null,"createdAt":"2021-12-14T00:52:13.000Z","updatedAt":"2021-12-14T00:52:13.000Z","deletedAt":null,"restoredAt":null,"image":null,"language":"en-us","shortCode":"contact","theme":{"id":2,"name":"ESPP Theme - en","description":"Theme - en","createdAt":"2021-12-14T00:51:07.000Z","updatedAt":"2021-12-14T00:51:07.000Z","deletedAt":null,"restoredAt":null,"group":"WEBSITE","publish":1,"status":"ENABLE","language":"en-us"},"variants":[{"id":5,"pageId":4,"group":"Contact","type":"EMPTY","order":-1,"label":"","key":"","value":{},"createdAt":"2021-12-14T00:52:14.000Z","updatedAt":"2021-12-14T00:52:14.000Z","deletedAt":null,"restoredAt":null,"publish":1,"values":{}},{"id":6,"pageId":4,"group":"Contact","type":"PHOTO","order":1,"label":"Banner","key":"contact_image","value":{"value":"files/b0c098c0d1d04ed287f91ba1e4fa1ae64b056355cfc1a24c2f81973096e916e4"},"createdAt":"2021-12-14T00:52:14.000Z","updatedAt":"2021-12-14T00:52:14.000Z","deletedAt":null,"restoredAt":null,"publish":1,"values":{"value":"https://cleanclean-s3.sgp1.digitaloceanspaces.com//public/28b1dfd14b365dca0d71e2734d0d76d3343c9ff2f694d59b0142a5be6d371e67"}}],"imageFullPath":""},{"id":5,"themeId":2,"group":"WEBSITE","name":"Our Story","url":null,"publish":1,"description":null,"seoProps":null,"createdAt":"2021-12-14T00:52:13.000Z","updatedAt":"2021-12-14T00:52:13.000Z","deletedAt":null,"restoredAt":null,"image":null,"language":"en-us","shortCode":"about-us-our-story","theme":{"id":2,"name":"ESPP Theme - en","description":"Theme - en","createdAt":"2021-12-14T00:51:07.000Z","updatedAt":"2021-12-14T00:51:07.000Z","deletedAt":null,"restoredAt":null,"group":"WEBSITE","publish":1,"status":"ENABLE","language":"en-us"},"variants":[{"id":7,"pageId":5,"group":"Out Story Block","type":"EMPTY","order":-1,"label":"","key":"","value":{},"createdAt":"2021-12-14T00:52:14.000Z","updatedAt":"2021-12-14T00:52:14.000Z","deletedAt":null,"restoredAt":null,"publish":1,"values":{}},{"id":8,"pageId":5,"group":"Out Story Block","type":"RICHTEXT","order":1,"label":"Block","key":"out_story_block","value":{"value":"<h2 style=\"text-align:center;\">&nbsp;</h2><p style=\"text-align:center;\">&nbsp;</p><h2 style=\"text-align:center;\"><span style=\"font-size:36px;\"><strong>OUR STORY</strong></span></h2><p style=\"text-align:center;\">&nbsp;</p><p style=\"text-align:center;\"><i>Lorem ipsum dolor sit amet, consectetur adipiscing elit, sed do eiusmod tempor incididunt ut</i><br><i>labore et dolore magna aliqua. Ut enim ad minim veniam, quis nostrud exercitation ullamco</i><br><i>laboris nisi ut aliquip ex ea commodo consequat. Duis aute...</i></p><p style=\"text-align:center;\">&nbsp;</p><p style=\"text-align:center;\">&nbsp;</p><figure class=\"image\"><img src=\"files/08ab14e211625457fa0a9da4479489aea007bfa44b3ab4b4e3f667c62215ffb7\"></figure><p>&nbsp;</p><p><span style=\"font-size:19px;\"><strong>HISTORY, PURPOSE AND USAGE</strong></span></p><p>Lorem ipsum, or lipsum as it is sometimes known, is dummy text used in laying out print, graphic or web designs. The passage is attributed to an unknown typesetter in the 15th century who is thought to have scrambled parts of Cicero’s De Finibus Bonorum et Malorum for use in a type specimen book. It usually begins with:</p><p>“Lorem ipsum dolor sit amet, consectetur adipiscing elit, sed do eiusmod tempor incididunt ut labore et dolore magna aliqua.”&nbsp;</p><p>The purpose of lorem ipsum is to create a natural looking block of text (sentence, paragraph, page, etc.) that doesn’t distract from the layout. A practice not without controversy, laying out pages with meaningless filler text can be very useful when the focus is meant to be on design, not content.</p><p>The passage experienced a surge in popularity during the 1960s when Letraset used it on their dry-transfer sheets, and again during the 90s as desktop<br>publishers bundled the text with their software. Today it’s seen all around the web; on templates, websites, and stock designs. Use our generator to get your<br>own, or read on for the authoritative history of lorem ipsum.</p><p>&nbsp;</p><div class=\"raw-html-embed\"><div class=\"our-story-component_title\">“Lorem ipsum began as scrambled, nonsensical Latin derived from Cicero’s 1st-century BC text De Finibus\nBonorum et Malorum”.</div></div><p style=\"text-align:center;\">&nbsp;</p><figure class=\"image image-style-side\"><img src=\"files/19d6f11affcfeda0684cdbcc3969272687dcfc3630fb512a3361dc26584c0084\"></figure><p><span style=\"font-size:19px;\"><strong>HEDONIST ROOTS</strong></span></p><p>&nbsp;</p><p style=\"text-align:justify;\">Until recently, the prevailing view assumed lorem ipsum was born as a nonsense text. “It’s not Latin, though it looks like it, and it actually says nothing,” Before &amp; After magazine answered a curious reader, “Its ‘words’ loosely approximate the frequency with which letters occur in English, which is why at a glance it looks pretty real.”</p><p style=\"text-align:justify;\"><br>As Cicero would put it, “Um, not so fast.”</p><p style=\"text-align:justify;\"><br>The placeholder text, beginning with the line “Lorem ipsum dolor sit amet, consectetur adipiscing elit”, looks like Latin because in its youth, centuries ago, it was Latin.</p><p style=\"text-align:justify;\"><br>Richard McClintock, a Latin scholar from Hampden-Sydney College, is credited with discovering the source behind the ubiquitous filler text. In seeing a sample of lorem ipsum, his interest was piqued by consectetur—a genuine, albeit rare, Latin word. Consulting a Latin dictionary led McClintock to a passage from De Finibus Bonorum et Malorum (“On the Extremes of Good and Evil”), a first-century B.C. text from the Roman philosopher Cicero.</p><p style=\"text-align:justify;\">&nbsp;</p><p>&nbsp;</p><p>&nbsp;</p><div class=\"raw-html-embed\"><div class=\"our-story-component_title\">“Lorem ipsum dolor sit amet, consectetur adipiscing elit, sed do eiusmod tempor incididunt ut labore et\ndolore magna aliqua. Ut enim ad minim veniam, quis nostrud exercitation ullamco laboris nisi ut aliquip ex ea\ncommodo consequat. Duis aute...”</div></div><p style=\"text-align:center;\">&nbsp;</p><p><span style=\"font-size:19px;\"><strong>REMIXING A CLASSIC</strong></span></p><p>&nbsp;</p><figure class=\"image\"><img src=\"files/90e744ddf8bf6fb278460e77d67285b1eca071dc98a4c9da448ed9bfafc61f7d\"></figure><p>&nbsp;</p><p>So how did the classical Latin become so incoherent? According to McClintock, a 15th century typesetter likely scrambled part of Cicero’s De Finibus in order to provide placeholder text to mockup various fonts for a type specimen book. It’s difficult to find examples of lorem ipsum in use before Letraset made it popular as a dummy text in the 1960s, although McClintock says he remembers coming across the lorem ipsum passage in a book of old metal type samples. So far he hasn’t relocated where he once saw the passage, but the popularity of Cicero in the 15th century supports the theory that the filler text has been used for centuries.<br>And anyways, as Cecil Adams reasoned, “[Do you really] think graphic arts supply houses were hiring classics scholars in the 1960s?” Perhaps. But it seems<br>reasonable to imagine that there was a version in use far before the age of Letraset.</p><p>&nbsp;</p><p><span style=\"font-size:19px;\"><strong>INTERPRETING NONSENSE</strong></span></p><p>Don’t bother typing “lorem ipsum” into Google translate. If you already tried, you may have gotten anything from “NATO” to “China”, depending on how you capitalized the letters. The bizarre translation was fodder for conspiracy theories, but Google has since updated its “lorem ipsum” translation to, boringly enough, “lorem ipsum”.</p><p>One brave soul did take a stab at translating the almost-not-quite-Latin. According to The Guardian, Jaspreet Singh Boparai undertook the challenge with the<br>goal of making the text “precisely as incoherent in English as it is in Latin - and to make it incoherent in the same way”. As a result, “the Greek ‘eu’ in Latin<br>became the French ‘bien’ [...] and the ‘-ing’ ending in ‘lorem ipsum’ seemed best rendered by an ‘-iendum’ in English.”</p><p>&nbsp;</p><figure class=\"image\"><img src=\"files/160a73fe37668790bbffcf2123d51c1f7b16af9717697b2c86d11cca02380513\"></figure><p>&nbsp;</p><p>&nbsp;</p><p>&nbsp;</p><p>&nbsp;</p>"},"createdAt":"2021-12-14T00:52:14.000Z","updatedAt":"2021-12-14T00:52:14.000Z","deletedAt":null,"restoredAt":null,"publish":1,"values":{"value":"<h2 style=\"text-align:center;\">&nbsp;</h2><p style=\"text-align:center;\">&nbsp;</p><h2 style=\"text-align:center;\"><span style=\"font-size:36px;\"><strong>OUR STORY</strong></span></h2><p style=\"text-align:center;\">&nbsp;</p><p style=\"text-align:center;\"><i>Lorem ipsum dolor sit amet, consectetur adipiscing elit, sed do eiusmod tempor incididunt ut</i><br><i>labore et dolore magna aliqua. Ut enim ad minim veniam, quis nostrud exercitation ullamco</i><br><i>laboris nisi ut aliquip ex ea commodo consequat. Duis aute...</i></p><p style=\"text-align:center;\">&nbsp;</p><p style=\"text-align:center;\">&nbsp;</p><figure class=\"image\"><img src=\"https://cleanclean-s3.sgp1.digitaloceanspaces.com//public/fb65dd6bdda5e181b93069d90cca1d0fa90d96944b769d9f98169f4a45ca18f1\"></figure><p>&nbsp;</p><p><span style=\"font-size:19px;\"><strong>HISTORY, PURPOSE AND USAGE</strong></span></p><p>Lorem ipsum, or lipsum as it is sometimes known, is dummy text used in laying out print, graphic or web designs. The passage is attributed to an unknown typesetter in the 15th century who is thought to have scrambled parts of Cicero’s De Finibus Bonorum et Malorum for use in a type specimen book. It usually begins with:</p><p>“Lorem ipsum dolor sit amet, consectetur adipiscing elit, sed do eiusmod tempor incididunt ut labore et dolore magna aliqua.”&nbsp;</p><p>The purpose of lorem ipsum is to create a natural looking block of text (sentence, paragraph, page, etc.) that doesn’t distract from the layout. A practice not without controversy, laying out pages with meaningless filler text can be very useful when the focus is meant to be on design, not content.</p><p>The passage experienced a surge in popularity during the 1960s when Letraset used it on their dry-transfer sheets, and again during the 90s as desktop<br>publishers bundled the text with their software. Today it’s seen all around the web; on templates, websites, and stock designs. Use our generator to get your<br>own, or read on for the authoritative history of lorem ipsum.</p><p>&nbsp;</p><div class=\"raw-html-embed\"><div class=\"our-story-component_title\">“Lorem ipsum began as scrambled, nonsensical Latin derived from Cicero’s 1st-century BC text De Finibus\nBonorum et Malorum”.</div></div><p style=\"text-align:center;\">&nbsp;</p><figure class=\"image image-style-side\"><img src=\"https://cleanclean-s3.sgp1.digitaloceanspaces.com//public/de807e6245ffe8ffa1ad79b20c04a70e337078b85b12c0f721bd1567b9db76e8\"></figure><p><span style=\"font-size:19px;\"><strong>HEDONIST ROOTS</strong></span></p><p>&nbsp;</p><p style=\"text-align:justify;\">Until recently, the prevailing view assumed lorem ipsum was born as a nonsense text. “It’s not Latin, though it looks like it, and it actually says nothing,” Before &amp; After magazine answered a curious reader, “Its ‘words’ loosely approximate the frequency with which letters occur in English, which is why at a glance it looks pretty real.”</p><p style=\"text-align:justify;\"><br>As Cicero would put it, “Um, not so fast.”</p><p style=\"text-align:justify;\"><br>The placeholder text, beginning with the line “Lorem ipsum dolor sit amet, consectetur adipiscing elit”, looks like Latin because in its youth, centuries ago, it was Latin.</p><p style=\"text-align:justify;\"><br>Richard McClintock, a Latin scholar from Hampden-Sydney College, is credited with discovering the source behind the ubiquitous filler text. In seeing a sample of lorem ipsum, his interest was piqued by consectetur—a genuine, albeit rare, Latin word. Consulting a Latin dictionary led McClintock to a passage from De Finibus Bonorum et Malorum (“On the Extremes of Good and Evil”), a first-century B.C. text from the Roman philosopher Cicero.</p><p style=\"text-align:justify;\">&nbsp;</p><p>&nbsp;</p><p>&nbsp;</p><div class=\"raw-html-embed\"><div class=\"our-story-component_title\">“Lorem ipsum dolor sit amet, consectetur adipiscing elit, sed do eiusmod tempor incididunt ut labore et\ndolore magna aliqua. Ut enim ad minim veniam, quis nostrud exercitation ullamco laboris nisi ut aliquip ex ea\ncommodo consequat. Duis aute...”</div></div><p style=\"text-align:center;\">&nbsp;</p><p><span style=\"font-size:19px;\"><strong>REMIXING A CLASSIC</strong></span></p><p>&nbsp;</p><figure class=\"image\"><img src=\"https://cleanclean-s3.sgp1.digitaloceanspaces.com//public/61e7ea155163861d7c34b1fe777d8ca374a43c72ea6a51089c236a7a6c4ab6e5\"></figure><p>&nbsp;</p><p>So how did the classical Latin become so incoherent? According to McClintock, a 15th century typesetter likely scrambled part of Cicero’s De Finibus in order to provide placeholder text to mockup various fonts for a type specimen book. It’s difficult to find examples of lorem ipsum in use before Letraset made it popular as a dummy text in the 1960s, although McClintock says he remembers coming across the lorem ipsum passage in a book of old metal type samples. So far he hasn’t relocated where he once saw the passage, but the popularity of Cicero in the 15th century supports the theory that the filler text has been used for centuries.<br>And anyways, as Cecil Adams reasoned, “[Do you really] think graphic arts supply houses were hiring classics scholars in the 1960s?” Perhaps. But it seems<br>reasonable to imagine that there was a version in use far before the age of Letraset.</p><p>&nbsp;</p><p><span style=\"font-size:19px;\"><strong>INTERPRETING NONSENSE</strong></span></p><p>Don’t bother typing “lorem ipsum” into Google translate. If you already tried, you may have gotten anything from “NATO” to “China”, depending on how you capitalized the letters. The bizarre translation was fodder for conspiracy theories, but Google has since updated its “lorem ipsum” translation to, boringly enough, “lorem ipsum”.</p><p>One brave soul did take a stab at translating the almost-not-quite-Latin. According to The Guardian, Jaspreet Singh Boparai undertook the challenge with the<br>goal of making the text “precisely as incoherent in English as it is in Latin - and to make it incoherent in the same way”. As a result, “the Greek ‘eu’ in Latin<br>became the French ‘bien’ [...] and the ‘-ing’ ending in ‘lorem ipsum’ seemed best rendered by an ‘-iendum’ in English.”</p><p>&nbsp;</p><figure class=\"image\"><img src=\"https://cleanclean-s3.sgp1.digitaloceanspaces.com//public/de0ed0bc7172a6eaea96a7936f6c8d86cd530469864d7aaa4075672e11c05d93\"></figure><p>&nbsp;</p><p>&nbsp;</p><p>&nbsp;</p><p>&nbsp;</p>"}}],"imageFullPath":""},{"id":6,"themeId":2,"group":"WEBSITE","name":"Our Journey","url":null,"publish":1,"description":null,"seoProps":null,"createdAt":"2021-12-14T00:52:14.000Z","updatedAt":"2021-12-14T00:52:14.000Z","deletedAt":null,"restoredAt":null,"image":null,"language":"en-us","shortCode":"about-us-our-journey","theme":{"id":2,"name":"ESPP Theme - en","description":"Theme - en","createdAt":"2021-12-14T00:51:07.000Z","updatedAt":"2021-12-14T00:51:07.000Z","deletedAt":null,"restoredAt":null,"group":"WEBSITE","publish":1,"status":"ENABLE","language":"en-us"},"variants":[{"id":9,"pageId":6,"group":"Our journey","type":"EMPTY","order":-1,"label":"","key":"","value":{},"createdAt":"2021-12-14T00:52:14.000Z","updatedAt":"2021-12-14T00:52:14.000Z","deletedAt":null,"restoredAt":null,"publish":1,"values":{}},{"id":10,"pageId":6,"group":"Our journey","type":"RICHTEXT","order":1,"label":"Title","key":"our_journey_title","value":{"value":"<h2 style=\"text-align:center;\"><span style=\"font-size:36px;\"><strong>OUR JOURNEY</strong></span></h2><p style=\"text-align:center;\"><br><i>Lorem ipsum dolor sit amet, consectetur adipiscing elit, sed do eiusmod tempor incididunt ut</i><br><i>labore et dolore magna aliqua. Ut enim ad minim veniam, quis nostrud exercitation ullamco</i><br><i>laboris nisi ut aliquip ex ea commodo consequat. Duis aute</i></p>"},"createdAt":"2021-12-14T00:52:14.000Z","updatedAt":"2021-12-14T00:52:14.000Z","deletedAt":null,"restoredAt":null,"publish":1,"values":{"value":"<h2 style=\"text-align:center;\"><span style=\"font-size:36px;\"><strong>OUR JOURNEY</strong></span></h2><p style=\"text-align:center;\"><br><i>Lorem ipsum dolor sit amet, consectetur adipiscing elit, sed do eiusmod tempor incididunt ut</i><br><i>labore et dolore magna aliqua. Ut enim ad minim veniam, quis nostrud exercitation ullamco</i><br><i>laboris nisi ut aliquip ex ea commodo consequat. Duis aute</i></p>"}},{"id":11,"pageId":6,"group":"Our journey","type":"GALLERY","order":2,"label":"Slider","key":"our_journey_slider","value":{"value":[{"key":1637201664086,"image":"https://cleanclean-s3.sgp1.digitaloceanspaces.com//public/459e1909add963e2b28cbcae6d555cca4bfec6a556926ae52be1f3ec9c0013f0","title":"1966","content":"<p>Ee Sin Paper Products Pte Ltd was established, focusing on paper converting business.</p>","imageFullPath":"files/3942993fca77ee666882cf7792578340c9b28d51f5e2e582659ee7178183de49"},{"key":1637201678920,"image":"https://cleanclean-s3.sgp1.digitaloceanspaces.com//public/04a7157144c500c5e6c881735ce3d74a05b59b2b5f3aa38f6546870527ae90ba","title":"1988","content":"Shifted its manufacturing operations to Malaysia","imageFullPath":"files/ebc5f090f5ac08100a0f427858fa30372e7693180fa16cbfdb97497b7e765196"},{"key":1637201706761,"image":"https://cleanclean-s3.sgp1.digitaloceanspaces.com//public/7e8adc5d311661207747cd8e0b99dc30e0c8c70beeb463b3ef64fc3b5db34d6b","title":"2003","content":"<p>• Joint partnership between Ee Sin Paper Products and Intrapac (Singapore) Pte Ltd; thus the birthof its in-houce brand ESPP.</p><p>• Distributor for M&amp;G products.</p><p>• Diversified into general stationery business.</p><p>• Embarked on digitization of supply chain process.</p>","imageFullPath":"files/43610bd147532a56e782a8a3448764ec74bae10e4516043e704f89f9919f5c60"},{"key":1637201759907,"image":"https://cleanclean-s3.sgp1.digitaloceanspaces.com//public/8dc13fc8dac239ad1a1480657d728296805850eeeba66dad96425f3c16b46280","title":"2009","content":"Increased warehouse capacity from 4,000 sqf to 10,000 sqf.","imageFullPath":"files/aa60dbcb17e2012fd51bb07fe04cad40f0a2645febeb3a45ae538b466973a209"}]},"createdAt":"2021-12-14T00:52:14.000Z","updatedAt":"2021-12-14T00:52:14.000Z","deletedAt":null,"restoredAt":null,"publish":1,"values":{"value":[{"key":1637201664086,"image":"https://cleanclean-s3.sgp1.digitaloceanspaces.com//public/459e1909add963e2b28cbcae6d555cca4bfec6a556926ae52be1f3ec9c0013f0","title":"1966","content":"<p>Ee Sin Paper Products Pte Ltd was established, focusing on paper converting business.</p>","imageFullPath":"https://cleanclean-s3.sgp1.digitaloceanspaces.com//public/459e1909add963e2b28cbcae6d555cca4bfec6a556926ae52be1f3ec9c0013f0"},{"key":1637201678920,"image":"https://cleanclean-s3.sgp1.digitaloceanspaces.com//public/04a7157144c500c5e6c881735ce3d74a05b59b2b5f3aa38f6546870527ae90ba","title":"1988","content":"Shifted its manufacturing operations to Malaysia","imageFullPath":"https://cleanclean-s3.sgp1.digitaloceanspaces.com//public/04a7157144c500c5e6c881735ce3d74a05b59b2b5f3aa38f6546870527ae90ba"},{"key":1637201706761,"image":"https://cleanclean-s3.sgp1.digitaloceanspaces.com//public/7e8adc5d311661207747cd8e0b99dc30e0c8c70beeb463b3ef64fc3b5db34d6b","title":"2003","content":"<p>• Joint partnership between Ee Sin Paper Products and Intrapac (Singapore) Pte Ltd; thus the birthof its in-houce brand ESPP.</p><p>• Distributor for M&amp;G products.</p><p>• Diversified into general stationery business.</p><p>• Embarked on digitization of supply chain process.</p>","imageFullPath":"https://cleanclean-s3.sgp1.digitaloceanspaces.com//public/7e8adc5d311661207747cd8e0b99dc30e0c8c70beeb463b3ef64fc3b5db34d6b"},{"key":1637201759907,"image":"https://cleanclean-s3.sgp1.digitaloceanspaces.com//public/8dc13fc8dac239ad1a1480657d728296805850eeeba66dad96425f3c16b46280","title":"2009","content":"Increased warehouse capacity from 4,000 sqf to 10,000 sqf.","imageFullPath":"https://cleanclean-s3.sgp1.digitaloceanspaces.com//public/8dc13fc8dac239ad1a1480657d728296805850eeeba66dad96425f3c16b46280"}]}}],"imageFullPath":""},{"id":7,"themeId":2,"group":"WEBSITE","name":"Mission Vision Values","url":null,"publish":1,"description":null,"seoProps":null,"createdAt":"2021-12-14T00:52:14.000Z","updatedAt":"2021-12-14T00:52:14.000Z","deletedAt":null,"restoredAt":null,"image":null,"language":"en-us","shortCode":"about-us-mission-vision-values","theme":{"id":2,"name":"ESPP Theme - en","description":"Theme - en","createdAt":"2021-12-14T00:51:07.000Z","updatedAt":"2021-12-14T00:51:07.000Z","deletedAt":null,"restoredAt":null,"group":"WEBSITE","publish":1,"status":"ENABLE","language":"en-us"},"variants":[{"id":12,"pageId":7,"group":"Mission Vision Header","type":"EMPTY","order":-1,"label":"","key":"","value":{},"createdAt":"2021-12-14T00:52:14.000Z","updatedAt":"2021-12-14T00:52:14.000Z","deletedAt":null,"restoredAt":null,"publish":1,"values":{}},{"id":13,"pageId":7,"group":"Mission Vision Header","type":"RICHTEXT","order":1,"label":"Title","key":"mission_vision_header_title","value":{"value":"<p style=\"text-align:center;\"><span style=\"font-size:36px;\"><strong>MISSION, VISION &amp; VALUES</strong></span></p>"},"createdAt":"2021-12-14T00:52:14.000Z","updatedAt":"2021-12-14T00:52:14.000Z","deletedAt":null,"restoredAt":null,"publish":1,"values":{"value":"<p style=\"text-align:center;\"><span style=\"font-size:36px;\"><strong>MISSION, VISION &amp; VALUES</strong></span></p>"}},{"id":14,"pageId":7,"group":"Mission Vision Header","type":"RICHTEXT","order":2,"label":"Description","key":"mission_vision_header_description","value":{"value":"<p style=\"text-align:center;\"><span style=\"font-size:19px;\"><i><strong>What guides us?</strong></i></span></p>"},"createdAt":"2021-12-14T00:52:14.000Z","updatedAt":"2021-12-14T00:52:14.000Z","deletedAt":null,"restoredAt":null,"publish":1,"values":{"value":"<p style=\"text-align:center;\"><span style=\"font-size:19px;\"><i><strong>What guides us?</strong></i></span></p>"}},{"id":15,"pageId":7,"group":"Mission Vision Body","type":"EMPTY","order":-1,"label":"","key":"","value":{},"createdAt":"2021-12-14T00:52:14.000Z","updatedAt":"2021-12-14T00:52:14.000Z","deletedAt":null,"restoredAt":null,"publish":1,"values":{}},{"id":16,"pageId":7,"group":"Mission Vision Body","type":"GALLERY","order":1,"label":"Slider","key":"mission_vision_header_slider","value":{"value":[{"key":1637202067756,"image":"https://cleanclean-s3.sgp1.digitaloceanspaces.com//public/592d368715069e4f99867f0b25507de7d45b32b1b9d738f225923e982dd6211b","title":"Vision","content":"<p>To align with our customers’ values by making their products<br><i><strong>Complete, Competitive and Carefree</strong></i></p>","imageFullPath":"files/7f25d44e3b611c39ba7fb8973ce73822c40b996d9a1f04856e9ad6edd8901d4f"},{"key":1637202089953,"image":"https://cleanclean-s3.sgp1.digitaloceanspaces.com//public/6c145fb7d39a9095e5df78dee4fc3ff39bcc550fcf7a1e6a1ecdd83200b327d7","title":"Mission","content":"<p>&nbsp;</p><p>&nbsp;</p><p><i><strong>Best Brand Choice</strong></i> in partnership<br><i><strong>Best Distributor</strong></i> to brand principals<br><i><strong>Best Value Contributor </strong></i>to our customers<br><i><strong>Best Friend</strong></i> of the environment and community</p>","imageFullPath":"files/80dd7beef7ee0746a358a9b19d5ae6b1a2e5d442d3bcfe72113577eb278219a4"},{"key":1637202124565,"image":"https://cleanclean-s3.sgp1.digitaloceanspaces.com//public/04e45849a3da05a77a91bbf222f5e3a5501bd23d5418fb6b79ae500552018a80","title":"Values","content":"<p>&nbsp;</p><p>&nbsp;</p><p><i><strong>Embrace:</strong></i> Being accepting toward changes &amp; innovation.<br><i><strong>People-Focused:</strong></i> Our valued partners are our focus.<br><i><strong>Service-Centric:</strong></i> We emphasize on satisfactory user experience.<br><i><strong>Professionalism:</strong></i> Consideration, exceed expectations and respect for others’ needs.</p>","imageFullPath":"files/460213a7971da0d498118f5c01fb3588832fab6f960bc99e3a4bc4a95321fbfe"}]},"createdAt":"2021-12-14T00:52:14.000Z","updatedAt":"2021-12-14T00:52:14.000Z","deletedAt":null,"restoredAt":null,"publish":1,"values":{"value":[{"key":1637202067756,"image":"https://cleanclean-s3.sgp1.digitaloceanspaces.com//public/592d368715069e4f99867f0b25507de7d45b32b1b9d738f225923e982dd6211b","title":"Vision","content":"<p>To align with our customers’ values by making their products<br><i><strong>Complete, Competitive and Carefree</strong></i></p>","imageFullPath":"https://cleanclean-s3.sgp1.digitaloceanspaces.com//public/592d368715069e4f99867f0b25507de7d45b32b1b9d738f225923e982dd6211b"},{"key":1637202089953,"image":"https://cleanclean-s3.sgp1.digitaloceanspaces.com//public/6c145fb7d39a9095e5df78dee4fc3ff39bcc550fcf7a1e6a1ecdd83200b327d7","title":"Mission","content":"<p>&nbsp;</p><p>&nbsp;</p><p><i><strong>Best Brand Choice</strong></i> in partnership<br><i><strong>Best Distributor</strong></i> to brand principals<br><i><strong>Best Value Contributor </strong></i>to our customers<br><i><strong>Best Friend</strong></i> of the environment and community</p>","imageFullPath":"https://cleanclean-s3.sgp1.digitaloceanspaces.com//public/6c145fb7d39a9095e5df78dee4fc3ff39bcc550fcf7a1e6a1ecdd83200b327d7"},{"key":1637202124565,"image":"https://cleanclean-s3.sgp1.digitaloceanspaces.com//public/04e45849a3da05a77a91bbf222f5e3a5501bd23d5418fb6b79ae500552018a80","title":"Values","content":"<p>&nbsp;</p><p>&nbsp;</p><p><i><strong>Embrace:</strong></i> Being accepting toward changes &amp; innovation.<br><i><strong>People-Focused:</strong></i> Our valued partners are our focus.<br><i><strong>Service-Centric:</strong></i> We emphasize on satisfactory user experience.<br><i><strong>Professionalism:</strong></i> Consideration, exceed expectations and respect for others’ needs.</p>","imageFullPath":"https://cleanclean-s3.sgp1.digitaloceanspaces.com//public/04e45849a3da05a77a91bbf222f5e3a5501bd23d5418fb6b79ae500552018a80"}]}}],"imageFullPath":""},{"id":8,"themeId":2,"group":"WEBSITE","name":"Corporate Profile","url":null,"publish":1,"description":null,"seoProps":null,"createdAt":"2021-12-14T00:52:14.000Z","updatedAt":"2021-12-14T00:52:14.000Z","deletedAt":null,"restoredAt":null,"image":null,"language":"en-us","shortCode":"about-us-corporate-profile","theme":{"id":2,"name":"ESPP Theme - en","description":"Theme - en","createdAt":"2021-12-14T00:51:07.000Z","updatedAt":"2021-12-14T00:51:07.000Z","deletedAt":null,"restoredAt":null,"group":"WEBSITE","publish":1,"status":"ENABLE","language":"en-us"},"variants":[{"id":17,"pageId":8,"group":"Corporate Profile Header","type":"EMPTY","order":-1,"label":"","key":"","value":{},"createdAt":"2021-12-14T00:52:14.000Z","updatedAt":"2021-12-14T00:52:14.000Z","deletedAt":null,"restoredAt":null,"publish":1,"values":{}},{"id":18,"pageId":8,"group":"Corporate Profile Header","type":"RICHTEXT","order":1,"label":"Title","key":"corporate_profile_header_title","value":{"value":"<p style=\"text-align:center;\"><span style=\"font-size:36px;\"><strong>CORPORATE PROFILE</strong></span></p>"},"createdAt":"2021-12-14T00:52:14.000Z","updatedAt":"2021-12-14T00:52:14.000Z","deletedAt":null,"restoredAt":null,"publish":1,"values":{"value":"<p style=\"text-align:center;\"><span style=\"font-size:36px;\"><strong>CORPORATE PROFILE</strong></span></p>"}},{"id":19,"pageId":8,"group":"Corporate Profile Header","type":"RICHTEXT","order":2,"label":"Description","key":"corporate_profile_header_description","value":{"value":"<p style=\"text-align:center;\"><span style=\"font-size:19px;\"><i><strong>5 Decades.</strong></i></span><br><span style=\"font-size:19px;\"><i><strong>Same Passion</strong></i></span></p>"},"createdAt":"2021-12-14T00:52:14.000Z","updatedAt":"2021-12-14T00:52:14.000Z","deletedAt":null,"restoredAt":null,"publish":1,"values":{"value":"<p style=\"text-align:center;\"><span style=\"font-size:19px;\"><i><strong>5 Decades.</strong></i></span><br><span style=\"font-size:19px;\"><i><strong>Same Passion</strong></i></span></p>"}},{"id":20,"pageId":8,"group":"Corporate Profile Header","type":"RICHTEXT","order":3,"label":"Content","key":"corporate_profile_header_content","value":{"value":"<p style=\"text-align:justify;\">Ee Sin Paper Products (Pte) Ltd is the leading distributor and Original Equipment Manufacturer (OEM) for stationery file and paper products. Founded in 1966, the company began business operations in the paper converting industry. Armed with a vision “to align with our customers’ values by making their products complete, competitive and carefree”, Ee Sin Paper Products today has cemented its name as a leading brand in the industry.</p><p style=\"text-align:justify;\"><br>Ee Sin Paper Products’ operations and business dealings are guided by four core mission statements:</p>"},"createdAt":"2021-12-14T00:52:14.000Z","updatedAt":"2021-12-14T00:52:14.000Z","deletedAt":null,"restoredAt":null,"publish":1,"values":{"value":"<p style=\"text-align:justify;\">Ee Sin Paper Products (Pte) Ltd is the leading distributor and Original Equipment Manufacturer (OEM) for stationery file and paper products. Founded in 1966, the company began business operations in the paper converting industry. Armed with a vision “to align with our customers’ values by making their products complete, competitive and carefree”, Ee Sin Paper Products today has cemented its name as a leading brand in the industry.</p><p style=\"text-align:justify;\"><br>Ee Sin Paper Products’ operations and business dealings are guided by four core mission statements:</p>"}},{"id":21,"pageId":8,"group":"Corporate Profile Criteria","type":"GALLERY","order":-1,"label":"Number","key":"corporate_profile_criteria_cols","value":{"value":[{"key":1637203296257,"image":"","content":"<h2><span style=\"color:hsl(204,51%,67%);font-size:36px;\"><i><strong>01</strong></i></span></h2><h4><strong>Best Brand Choice</strong></h4><p>in partnership</p>","imageFullPath":"files/74cced78bd08bacc942d53e3cb73fa67f5a757a2122a1f419c1528472874b991"},{"key":1637203307755,"image":"","content":"<h2><span style=\"color:hsl(204,51%,67%);font-size:36px;\"><i><strong>02</strong></i></span></h2><h4><strong>Best Distributor</strong></h4><p>to brand principals</p>","imageFullPath":"files/c4f0a9947d668a4a69f2531c7e6f67f397381c5264329488707d5a4d33b6757b"},{"key":1637203324096,"image":"","content":"<h2><span style=\"color:hsl(204,51%,67%);font-size:36px;\"><i><strong>03</strong></i></span></h2><h4><strong>Best Value Contributor</strong></h4><p>to our customers</p>","imageFullPath":"files/a55c631c5440aa8963a8b00b0a5dd084f62eb9927755e75320af6a252ba32c91"},{"key":1637203349271,"image":"","content":"<h2><span style=\"color:hsl(204,51%,67%);font-size:36px;\"><i><strong>04</strong></i></span></h2><h4><strong>Best Friend</strong></h4><p>of the environment &amp; community</p>","imageFullPath":"files/c5b33350ca8cd9dced8b97a4160fa367cafe4bae261fe7aca2a6777630c53b5b"}]},"createdAt":"2021-12-14T00:52:14.000Z","updatedAt":"2021-12-14T00:52:14.000Z","deletedAt":null,"restoredAt":null,"publish":1,"values":{"value":[{"key":1637203296257,"image":"","content":"<h2><span style=\"color:hsl(204,51%,67%);font-size:36px;\"><i><strong>01</strong></i></span></h2><h4><strong>Best Brand Choice</strong></h4><p>in partnership</p>","imageFullPath":""},{"key":1637203307755,"image":"","content":"<h2><span style=\"color:hsl(204,51%,67%);font-size:36px;\"><i><strong>02</strong></i></span></h2><h4><strong>Best Distributor</strong></h4><p>to brand principals</p>","imageFullPath":""},{"key":1637203324096,"image":"","content":"<h2><span style=\"color:hsl(204,51%,67%);font-size:36px;\"><i><strong>03</strong></i></span></h2><h4><strong>Best Value Contributor</strong></h4><p>to our customers</p>","imageFullPath":""},{"key":1637203349271,"image":"","content":"<h2><span style=\"color:hsl(204,51%,67%);font-size:36px;\"><i><strong>04</strong></i></span></h2><h4><strong>Best Friend</strong></h4><p>of the environment &amp; community</p>","imageFullPath":""}]}},{"id":22,"pageId":8,"group":"Corporate Profile Image Text","type":"EMPTY","order":-1,"label":"","key":"","value":{},"createdAt":"2021-12-14T00:52:14.000Z","updatedAt":"2021-12-14T00:52:14.000Z","deletedAt":null,"restoredAt":null,"publish":1,"values":{}},{"id":23,"pageId":8,"group":"Corporate Profile Image Text","type":"RICHTEXT","order":1,"label":"Content","key":"corporate_profile_text","value":{"value":"<p style=\"text-align:justify;\">A pivotal moment in Ee Sin Paper Products’ history is the partnership with Intrapac (Singapore) Pte Ltd in 2003, which saw an enormous growth in the company and subsequently turned it into a regional one.</p><p style=\"text-align:justify;\">In 2011, Ee Sin Paper Products increased its warehouse capacity to 20,000 sqf and ventured into the file manufacturing industry. Over the next few years, the company was awarded authorized dealership for some of the biggest brands in the region such as Casio (school), Dr Kong, Max, Maped, Plus, Stabilo and Zebra; as well as the distributorship for 3M, Helix, Kodak and Toyogo.<br>&nbsp;</p><p style=\"text-align:justify;\">Today, as Ee Sin Paper Products moves to a 24,000 sqf warehouse at Pandan Crescent and strives to reach even greater heights, the company continues to serve its customers with the same passion since its founding.</p><p style=\"text-align:justify;\"><br>With a rich history and unparalleled breadth of experience spanning more than 5 decades, Ee Sin Paper Products has evolved from a paper converting business to becoming a regional distributor and OEM for stationery, file and paper products.</p>"},"createdAt":"2021-12-14T00:52:14.000Z","updatedAt":"2021-12-14T00:52:14.000Z","deletedAt":null,"restoredAt":null,"publish":1,"values":{"value":"<p style=\"text-align:justify;\">A pivotal moment in Ee Sin Paper Products’ history is the partnership with Intrapac (Singapore) Pte Ltd in 2003, which saw an enormous growth in the company and subsequently turned it into a regional one.</p><p style=\"text-align:justify;\">In 2011, Ee Sin Paper Products increased its warehouse capacity to 20,000 sqf and ventured into the file manufacturing industry. Over the next few years, the company was awarded authorized dealership for some of the biggest brands in the region such as Casio (school), Dr Kong, Max, Maped, Plus, Stabilo and Zebra; as well as the distributorship for 3M, Helix, Kodak and Toyogo.<br>&nbsp;</p><p style=\"text-align:justify;\">Today, as Ee Sin Paper Products moves to a 24,000 sqf warehouse at Pandan Crescent and strives to reach even greater heights, the company continues to serve its customers with the same passion since its founding.</p><p style=\"text-align:justify;\"><br>With a rich history and unparalleled breadth of experience spanning more than 5 decades, Ee Sin Paper Products has evolved from a paper converting business to becoming a regional distributor and OEM for stationery, file and paper products.</p>"}},{"id":24,"pageId":8,"group":"Corporate Profile Image Text","type":"PHOTO","order":2,"label":"Image","key":"corporate_profile_image","value":{"value":"files/af62a818c9c765c8ef7cdf3228b1a428c1467c185b2faff1c33aba4ae770cf96"},"createdAt":"2021-12-14T00:52:14.000Z","updatedAt":"2021-12-14T00:52:14.000Z","deletedAt":null,"restoredAt":null,"publish":1,"values":{"value":"https://cleanclean-s3.sgp1.digitaloceanspaces.com//public/b4d8ce5bc88291e7e7deb1a9e8a1fdc2107e4c8d6b4b0689fd30752fd9c50565"}}],"imageFullPath":""},{"id":9,"themeId":2,"group":"WEBSITE","name":"Brands","url":null,"publish":1,"description":null,"seoProps":null,"createdAt":"2021-12-14T00:52:14.000Z","updatedAt":"2021-12-14T00:52:14.000Z","deletedAt":null,"restoredAt":null,"image":null,"language":"en-us","shortCode":"brands","theme":{"id":2,"name":"ESPP Theme - en","description":"Theme - en","createdAt":"2021-12-14T00:51:07.000Z","updatedAt":"2021-12-14T00:51:07.000Z","deletedAt":null,"restoredAt":null,"group":"WEBSITE","publish":1,"status":"ENABLE","language":"en-us"},"variants":[{"id":25,"pageId":9,"group":"Brands","type":"EMPTY","order":-1,"label":"","key":"","value":{},"createdAt":"2021-12-14T00:52:14.000Z","updatedAt":"2021-12-14T00:52:14.000Z","deletedAt":null,"restoredAt":null,"publish":1,"values":{}},{"id":26,"pageId":9,"group":"Brands","type":"RICHTEXT","order":1,"label":"Content","key":"brand_header","value":{"value":"<p style=\"text-align:center;\"><i>Lorem ipsum dolor sit amet, consectetur adipiscing elit, sed do eiusmod tempor incididunt ut labore et dolore magna aliqua. Ut enim ad minim veniam, quis nostrud exercitation ullamco laboris nisi ut aliquip ex ea commodo consequat. Duis aute irure dolor in reprehenderit in voluptate velit esse cillum dolore eu fugiat nulla pariatur. Excepteur sint occaecat cupidatat non proident, sunt in culpa qui officia deserunt mollit anim id est laborum</i></p>"},"createdAt":"2021-12-14T00:52:14.000Z","updatedAt":"2021-12-15T01:12:34.000Z","deletedAt":null,"restoredAt":null,"publish":1,"values":{"value":"<p style=\"text-align:center;\"><i>Lorem ipsum dolor sit amet, consectetur adipiscing elit, sed do eiusmod tempor incididunt ut labore et dolore magna aliqua. Ut enim ad minim veniam, quis nostrud exercitation ullamco laboris nisi ut aliquip ex ea commodo consequat. Duis aute irure dolor in reprehenderit in voluptate velit esse cillum dolore eu fugiat nulla pariatur. Excepteur sint occaecat cupidatat non proident, sunt in culpa qui officia deserunt mollit anim id est laborum</i></p>"}},{"id":27,"pageId":9,"group":"Brands","type":"GALLERY","order":2,"label":"Brand List","key":"brand_list","value":{"value":[{"key":1637204777691,"image":"https://cleanclean-s3.sgp1.digitaloceanspaces.com//public/add76b814945a08676806d9db535855b6e3d757c53e012e85217a80412ea5f8c","content":"","imageFullPath":"files/2c510e5594653df344304813d0227291fe084ba7370139bd60461e96b669b23b"},{"key":1637204789768,"image":"https://cleanclean-s3.sgp1.digitaloceanspaces.com//public/1877a0182b5500fab4b140be612524260bea41346a1c092345eba06dd2edfc5f","content":"","imageFullPath":"files/f8113c5498e9ec2e2c55deade5dccbe30f6d250f64665aae479317c7d707f610"},{"key":1637204799101,"image":"https://cleanclean-s3.sgp1.digitaloceanspaces.com//public/912aca02d4f9866919fc15c740fb4af92754a0abc808b5c575293ffb7a99d671","content":"","imageFullPath":"files/a313f856f99dc2eac7b42346c35a988323aad1017c1a67bdf1e0b2d38f52c081"},{"key":1637206159881,"image":"https://cleanclean-s3.sgp1.digitaloceanspaces.com//public/f9d7f765cb3fc6eb771cde60f94ac534d5a2581da080c6db08ff7403a08cb213","content":"","imageFullPath":"files/1d8dfe8e2905c8cf1f1c1adc994fe53ed3d10d7c8d7dc3ef7c9d61212932e035"},{"key":1637206171640,"image":"https://cleanclean-s3.sgp1.digitaloceanspaces.com//public/4f5d453f6d3cecb4e93e4fa4d215c5c7a75ba17be22ce2af6a0ce631c5469201","content":"","imageFullPath":"files/bc381b794375ebe38abb11351420cd02ce0aa99ce012b7f18305217480ae416d"},{"key":1637206179427,"image":"https://cleanclean-s3.sgp1.digitaloceanspaces.com//public/16adf0adae3cc447db682b0842b7301005a114a4d2db08fcc804c9c82e9a3010","content":"","imageFullPath":"files/86d5211ee67b47473fba87497300cc6d3796c2500e85ff923b928264685f6972"},{"key":1637206195304,"image":"https://cleanclean-s3.sgp1.digitaloceanspaces.com//public/68c9a714be0542ca6d7164122a8444427415d63e91b92226f18a1b5423e6e400","content":"","imageFullPath":"files/4154be9d150b5ed9f77296b0c86cddc6d8743ad919053e9ecdaedb0965c9774e"},{"key":1637206204214,"image":"https://cleanclean-s3.sgp1.digitaloceanspaces.com//public/3b54f18ddb0b962068f1d625cfdd1a00e5d9e80e1277e7040e9ef8c01b585af0","content":"","imageFullPath":"files/54862d95e6ff51033d101040d189aa3db97992ba5e204bc68f47ce5d76dcc4d1"},{"key":1637206212824,"image":"https://cleanclean-s3.sgp1.digitaloceanspaces.com//public/9263608bd043f4da733101f0bd6ab6879338db9a3d23abe0c7a6199092967a2a","content":"","imageFullPath":"files/e37d9eaba2b1f5811c0693432eb80e6d119916cf0ec7061a71863ba3fec3619a"}]},"createdAt":"2021-12-14T00:52:14.000Z","updatedAt":"2021-12-14T00:52:14.000Z","deletedAt":null,"restoredAt":null,"publish":1,"values":{"value":[{"key":1637204777691,"image":"https://cleanclean-s3.sgp1.digitaloceanspaces.com//public/add76b814945a08676806d9db535855b6e3d757c53e012e85217a80412ea5f8c","content":"","imageFullPath":"https://cleanclean-s3.sgp1.digitaloceanspaces.com//public/add76b814945a08676806d9db535855b6e3d757c53e012e85217a80412ea5f8c"},{"key":1637204789768,"image":"https://cleanclean-s3.sgp1.digitaloceanspaces.com//public/1877a0182b5500fab4b140be612524260bea41346a1c092345eba06dd2edfc5f","content":"","imageFullPath":"https://cleanclean-s3.sgp1.digitaloceanspaces.com//public/1877a0182b5500fab4b140be612524260bea41346a1c092345eba06dd2edfc5f"},{"key":1637204799101,"image":"https://cleanclean-s3.sgp1.digitaloceanspaces.com//public/912aca02d4f9866919fc15c740fb4af92754a0abc808b5c575293ffb7a99d671","content":"","imageFullPath":"https://cleanclean-s3.sgp1.digitaloceanspaces.com//public/912aca02d4f9866919fc15c740fb4af92754a0abc808b5c575293ffb7a99d671"},{"key":1637206159881,"image":"https://cleanclean-s3.sgp1.digitaloceanspaces.com//public/f9d7f765cb3fc6eb771cde60f94ac534d5a2581da080c6db08ff7403a08cb213","content":"","imageFullPath":"https://cleanclean-s3.sgp1.digitaloceanspaces.com//public/f9d7f765cb3fc6eb771cde60f94ac534d5a2581da080c6db08ff7403a08cb213"},{"key":1637206171640,"image":"https://cleanclean-s3.sgp1.digitaloceanspaces.com//public/4f5d453f6d3cecb4e93e4fa4d215c5c7a75ba17be22ce2af6a0ce631c5469201","content":"","imageFullPath":"https://cleanclean-s3.sgp1.digitaloceanspaces.com//public/4f5d453f6d3cecb4e93e4fa4d215c5c7a75ba17be22ce2af6a0ce631c5469201"},{"key":1637206179427,"image":"https://cleanclean-s3.sgp1.digitaloceanspaces.com//public/16adf0adae3cc447db682b0842b7301005a114a4d2db08fcc804c9c82e9a3010","content":"","imageFullPath":"https://cleanclean-s3.sgp1.digitaloceanspaces.com//public/16adf0adae3cc447db682b0842b7301005a114a4d2db08fcc804c9c82e9a3010"},{"key":1637206195304,"image":"https://cleanclean-s3.sgp1.digitaloceanspaces.com//public/68c9a714be0542ca6d7164122a8444427415d63e91b92226f18a1b5423e6e400","content":"","imageFullPath":"https://cleanclean-s3.sgp1.digitaloceanspaces.com//public/68c9a714be0542ca6d7164122a8444427415d63e91b92226f18a1b5423e6e400"},{"key":1637206204214,"image":"https://cleanclean-s3.sgp1.digitaloceanspaces.com//public/3b54f18ddb0b962068f1d625cfdd1a00e5d9e80e1277e7040e9ef8c01b585af0","content":"","imageFullPath":"https://cleanclean-s3.sgp1.digitaloceanspaces.com//public/3b54f18ddb0b962068f1d625cfdd1a00e5d9e80e1277e7040e9ef8c01b585af0"},{"key":1637206212824,"image":"https://cleanclean-s3.sgp1.digitaloceanspaces.com//public/9263608bd043f4da733101f0bd6ab6879338db9a3d23abe0c7a6199092967a2a","content":"","imageFullPath":"https://cleanclean-s3.sgp1.digitaloceanspaces.com//public/9263608bd043f4da733101f0bd6ab6879338db9a3d23abe0c7a6199092967a2a"}]}}],"imageFullPath":""},{"id":10,"themeId":2,"group":"WEBSITE","name":"Home","url":null,"publish":1,"description":null,"seoProps":null,"createdAt":"2021-12-14T00:52:14.000Z","updatedAt":"2021-12-14T00:52:14.000Z","deletedAt":null,"restoredAt":null,"image":null,"language":"en-us","shortCode":"home","theme":{"id":2,"name":"ESPP Theme - en","description":"Theme - en","createdAt":"2021-12-14T00:51:07.000Z","updatedAt":"2021-12-14T00:51:07.000Z","deletedAt":null,"restoredAt":null,"group":"WEBSITE","publish":1,"status":"ENABLE","language":"en-us"},"variants":[{"id":28,"pageId":10,"group":"Header Slider","type":"EMPTY","order":-1,"label":"","key":"","value":{},"createdAt":"2021-12-14T00:52:14.000Z","updatedAt":"2021-12-14T00:52:14.000Z","deletedAt":null,"restoredAt":null,"publish":1,"values":{}},{"id":29,"pageId":10,"group":"Header Slider","type":"GALLERY","order":1,"label":"Slider","key":"home_header_gallery","value":{"value":[{"key":1637284274169,"url":"#","image":"https://cleanclean-s3.sgp1.digitaloceanspaces.com//public/735ef3f3c97be2ef08f197ae7f821477815ffa83333b6d115028c458a8ebc093","title":"","content":"<p><span style=\"font-size:36px;\">LOREM IPSUM <strong>DOLOR SIT AMET</strong></span></p>","imageFullPath":"files/aeb8431f0eea019535bd3cbda532cac1ba8ace4be2df59d7550e74ebd4267422"},{"key":1637284314456,"url":"#","image":"https://cleanclean-s3.sgp1.digitaloceanspaces.com//public/1316e8213cfef4a96bfcd53c7d5df2550d1421270cc9d2d58381837584c82181","content":"<p><span style=\"font-size:36px;\">LOREM IPSUM <strong>DOLOR SIT AMET</strong></span></p>","imageFullPath":"files/91b3ccb1b325217ad488469fb42ae71611353b78ceab77d8845b7d3409b51bb0"}]},"createdAt":"2021-12-14T00:52:14.000Z","updatedAt":"2021-12-14T00:52:14.000Z","deletedAt":null,"restoredAt":null,"publish":1,"values":{"value":[{"key":1637284274169,"url":"#","image":"https://cleanclean-s3.sgp1.digitaloceanspaces.com//public/735ef3f3c97be2ef08f197ae7f821477815ffa83333b6d115028c458a8ebc093","title":"","content":"<p><span style=\"font-size:36px;\">LOREM IPSUM <strong>DOLOR SIT AMET</strong></span></p>","imageFullPath":"https://cleanclean-s3.sgp1.digitaloceanspaces.com//public/735ef3f3c97be2ef08f197ae7f821477815ffa83333b6d115028c458a8ebc093"},{"key":1637284314456,"url":"#","image":"https://cleanclean-s3.sgp1.digitaloceanspaces.com//public/1316e8213cfef4a96bfcd53c7d5df2550d1421270cc9d2d58381837584c82181","content":"<p><span style=\"font-size:36px;\">LOREM IPSUM <strong>DOLOR SIT AMET</strong></span></p>","imageFullPath":"https://cleanclean-s3.sgp1.digitaloceanspaces.com//public/1316e8213cfef4a96bfcd53c7d5df2550d1421270cc9d2d58381837584c82181"}]}},{"id":30,"pageId":10,"group":"Our Story","type":"EMPTY","order":-1,"label":"","key":"","value":{},"createdAt":"2021-12-14T00:52:14.000Z","updatedAt":"2021-12-14T00:52:14.000Z","deletedAt":null,"restoredAt":null,"publish":1,"values":{}},{"id":31,"pageId":10,"group":"Our Story","type":"RICHTEXT","order":null,"label":"Content","key":"home_our_story","value":{"value":"<h2 style=\"text-align:center;\"><span style=\"color:hsl(210,29%,13%);font-size:36px;\"><strong>Our Story</strong></span></h2><p style=\"text-align:center;\">&nbsp;</p><p style=\"text-align:center;\">Lorem ipsum dolor sit amet, consectetur adipiscing elit, sed do eiusmod tempor incididunt ut labore et dolore magna aliqua. Ut enim ad minim veniam, quis nostrud exercitation ullamco laboris nisi ut aliquip ex ea commodo consequat. Duis aute irure dolor in reprehenderit in voluptate velit esse cillum dolore eu fugiat nulla pariatur. Excepteur sint occaecat cupidatat non proident, sunt in culpa qui officia deserunt mollit anim id est laborum</p><p style=\"text-align:center;\">&nbsp;</p><p style=\"text-align:center;\"><a href=\"http://showroom.wiooh.com:8002/about-us/our-story\"><span style=\"background-color:rgb(238,229,215);color:rgb(68,68,68);font-family:Roboto, sans-serif;font-size:14px;\"><strong><u>READ MORE</u></strong></span></a></p>"},"createdAt":"2021-12-14T00:52:14.000Z","updatedAt":"2021-12-14T00:52:14.000Z","deletedAt":null,"restoredAt":null,"publish":1,"values":{"value":"<h2 style=\"text-align:center;\"><span style=\"color:hsl(210,29%,13%);font-size:36px;\"><strong>Our Story</strong></span></h2><p style=\"text-align:center;\">&nbsp;</p><p style=\"text-align:center;\">Lorem ipsum dolor sit amet, consectetur adipiscing elit, sed do eiusmod tempor incididunt ut labore et dolore magna aliqua. Ut enim ad minim veniam, quis nostrud exercitation ullamco laboris nisi ut aliquip ex ea commodo consequat. Duis aute irure dolor in reprehenderit in voluptate velit esse cillum dolore eu fugiat nulla pariatur. Excepteur sint occaecat cupidatat non proident, sunt in culpa qui officia deserunt mollit anim id est laborum</p><p style=\"text-align:center;\">&nbsp;</p><p style=\"text-align:center;\"><a href=\"http://showroom.wiooh.com:8002/about-us/our-story\"><span style=\"background-color:rgb(238,229,215);color:rgb(68,68,68);font-family:Roboto, sans-serif;font-size:14px;\"><strong><u>READ MORE</u></strong></span></a></p>"}},{"id":32,"pageId":10,"group":"Featured Products","type":"EMPTY","order":-1,"label":"","key":"","value":{},"createdAt":"2021-12-14T00:52:14.000Z","updatedAt":"2021-12-14T00:52:14.000Z","deletedAt":null,"restoredAt":null,"publish":1,"values":{}},{"id":33,"pageId":10,"group":"Featured Products","type":"GALLERY","order":null,"label":"Slider","key":"home_feature_product_left","value":{"value":[{"key":1637285023228,"image":"https://cleanclean-s3.sgp1.digitaloceanspaces.com//public/647e89b59f8a64ef99e9a861c1d7051f34bea22645ea5d326cd59bf94e10a841","content":"<p><span style=\"font-size:24px;\"><strong>Featured Products</strong></span></p>","imageFullPath":"files/c88c212d9a6f17754949c3a4a5fad9404610152c01bfe819d110dc5763ad2455"},{"key":1637285035804,"image":"https://cleanclean-s3.sgp1.digitaloceanspaces.com//public/1ef3a211979114a39bb164038075cb9177d6ac302e659da7dce7b911ab1d050d","content":"<p><span style=\"font-size:24px;\"><strong>Featured Products</strong></span></p>","imageFullPath":"files/94d13dc6396aa314809d96a33ee18973d44ba66b0814418f10796a99e1641cc2"}]},"createdAt":"2021-12-14T00:52:14.000Z","updatedAt":"2021-12-14T00:52:14.000Z","deletedAt":null,"restoredAt":null,"publish":1,"values":{"value":[{"key":1637285023228,"image":"https://cleanclean-s3.sgp1.digitaloceanspaces.com//public/647e89b59f8a64ef99e9a861c1d7051f34bea22645ea5d326cd59bf94e10a841","content":"<p><span style=\"font-size:24px;\"><strong>Featured Products</strong></span></p>","imageFullPath":"https://cleanclean-s3.sgp1.digitaloceanspaces.com//public/647e89b59f8a64ef99e9a861c1d7051f34bea22645ea5d326cd59bf94e10a841"},{"key":1637285035804,"image":"https://cleanclean-s3.sgp1.digitaloceanspaces.com//public/1ef3a211979114a39bb164038075cb9177d6ac302e659da7dce7b911ab1d050d","content":"<p><span style=\"font-size:24px;\"><strong>Featured Products</strong></span></p>","imageFullPath":"https://cleanclean-s3.sgp1.digitaloceanspaces.com//public/1ef3a211979114a39bb164038075cb9177d6ac302e659da7dce7b911ab1d050d"}]}},{"id":34,"pageId":10,"group":"Best Sellers","type":"EMPTY","order":-1,"label":"","key":"","value":{},"createdAt":"2021-12-14T00:52:14.000Z","updatedAt":"2021-12-14T00:52:14.000Z","deletedAt":null,"restoredAt":null,"publish":1,"values":{}},{"id":35,"pageId":10,"group":"Featured Products","type":"PRODUCT_LIST","order":2,"label":"Product List","key":"home_feature_product_right","value":{},"createdAt":"2021-12-14T00:52:14.000Z","updatedAt":"2021-12-14T00:52:14.000Z","deletedAt":null,"restoredAt":null,"publish":1,"values":{}},{"id":36,"pageId":10,"group":"Best Sellers","type":"PRODUCT_LIST","order":1,"label":"Best Sellers - Product List","key":"home_best_sellers","value":{},"createdAt":"2021-12-14T00:52:14.000Z","updatedAt":"2021-12-14T00:52:14.000Z","deletedAt":null,"restoredAt":null,"publish":1,"values":{}},{"id":37,"pageId":10,"group":"New Arrivals","type":"EMPTY","order":-1,"label":"","key":"","value":{},"createdAt":"2021-12-14T00:52:14.000Z","updatedAt":"2021-12-14T00:52:14.000Z","deletedAt":null,"restoredAt":null,"publish":1,"values":{}},{"id":38,"pageId":10,"group":"New Arrivals","type":"PRODUCT_LIST","order":null,"label":"New Arrivals - Product List","key":"home_new_arrivals_left","value":{},"createdAt":"2021-12-14T00:52:14.000Z","updatedAt":"2021-12-14T00:52:14.000Z","deletedAt":null,"restoredAt":null,"publish":1,"values":{}},{"id":39,"pageId":10,"group":"New Arrivals","type":"GALLERY","order":2,"label":"New Arrivals – Slider","key":"home_new_arrivals_right","value":{"value":[{"key":1637286842654,"image":"https://cleanclean-s3.sgp1.digitaloceanspaces.com//public/4990f9112f60178397c5357d5cc72efbe8d89a58df707209a37118124854d90a","content":"<p><span style=\"font-size:24px;\"><strong>New Arrivals</strong></span></p>","imageFullPath":"files/55f070b2c7607f68a74e7d67bf5fa0d7de8fb59a196071f9165f9313fc368983"},{"key":1637286856746,"image":"https://cleanclean-s3.sgp1.digitaloceanspaces.com//public/5ad2901e31b37a4fa05a28bd1ea041f299f9ce3a5daff4d4b7fd85fb7557feb5","content":"<p><span style=\"font-size:24px;\"><strong>New Arrivals</strong></span></p>","imageFullPath":"files/d537fe0fdbca3e89e40a8b066fca039dbd6ca46bbeadea4cadd1109847fb0ee9"}]},"createdAt":"2021-12-14T00:52:14.000Z","updatedAt":"2021-12-14T00:52:14.000Z","deletedAt":null,"restoredAt":null,"publish":1,"values":{"value":[{"key":1637286842654,"image":"https://cleanclean-s3.sgp1.digitaloceanspaces.com//public/4990f9112f60178397c5357d5cc72efbe8d89a58df707209a37118124854d90a","content":"<p><span style=\"font-size:24px;\"><strong>New Arrivals</strong></span></p>","imageFullPath":"https://cleanclean-s3.sgp1.digitaloceanspaces.com//public/4990f9112f60178397c5357d5cc72efbe8d89a58df707209a37118124854d90a"},{"key":1637286856746,"image":"https://cleanclean-s3.sgp1.digitaloceanspaces.com//public/5ad2901e31b37a4fa05a28bd1ea041f299f9ce3a5daff4d4b7fd85fb7557feb5","content":"<p><span style=\"font-size:24px;\"><strong>New Arrivals</strong></span></p>","imageFullPath":"https://cleanclean-s3.sgp1.digitaloceanspaces.com//public/5ad2901e31b37a4fa05a28bd1ea041f299f9ce3a5daff4d4b7fd85fb7557feb5"}]}},{"id":40,"pageId":10,"group":"Our Brand Partners","type":"EMPTY","order":-1,"label":"","key":"","value":{},"createdAt":"2021-12-14T00:52:14.000Z","updatedAt":"2021-12-14T00:52:14.000Z","deletedAt":null,"restoredAt":null,"publish":1,"values":{}},{"id":41,"pageId":10,"group":"Our Brand Partners","type":"GALLERY","order":1,"label":"Slider","key":"home_our_brand_partners","value":{"value":[{"key":1637288269045,"image":"https://cleanclean-s3.sgp1.digitaloceanspaces.com//public/00c8931d68b5de9b9ebec73bf137084ffb395978c5f491ecc3ec8942434fce8d","content":"","imageFullPath":"files/c8bb0479637f6885ec08068bd27faf31d9b03d90a37df62444a32b9273399199"},{"key":1637288276940,"image":"https://cleanclean-s3.sgp1.digitaloceanspaces.com//public/236bfeda882836f0c629e5458a4957db950723fdd77a7f2f9030521dfc1f931e","content":"","imageFullPath":"files/87284fe54c69d19feabf87753f9bcf33f7af96c827f6b5fd50083489c7a06e6c"},{"key":1637288284195,"image":"https://cleanclean-s3.sgp1.digitaloceanspaces.com//public/6ce6eb7ceecc89b091ad0bd6a6f5bc144708a8656aaa4edc8dd29a8d6ec7076a","content":"","imageFullPath":"files/517fc0dd1dc324aad7765a34285b60bb0500bcfddbc3bc0e5070bec262e5b2e9"},{"key":1637288298577,"image":"https://cleanclean-s3.sgp1.digitaloceanspaces.com//public/6813fd3af88148b588f11a9fbe525391e9441b84cf83f9ebb9f2f56558b2d960","content":"","imageFullPath":"files/dd3ef88f332b24c775efc81862ce4a35d40f2e894c6f4096a26309a5f42c1ba9"},{"key":1637288306539,"image":"https://cleanclean-s3.sgp1.digitaloceanspaces.com//public/b38dbe7812f0e987b692708075bb24bf5fb5e8f526f7f63d5a124192a0400eed","content":"","imageFullPath":"files/c79cea098f5b2b8f5beb9f1ba289dd71fc3b444efd8dcbffa48bdddef16b26d8"},{"key":1637288324894,"image":"https://cleanclean-s3.sgp1.digitaloceanspaces.com//public/71c423f5b6fffd9dd1f5fb1ea6918ace0fd98ca821c6f796b1fd08c688fd91f9","content":"","imageFullPath":"files/7f57981b8ecfb0554414fda046be37f1ec54dee0db9490b765c43d129b4f5e97"},{"key":1637288334693,"image":"https://cleanclean-s3.sgp1.digitaloceanspaces.com//public/a78b9ef0c9058b0eb1d69b4697870d2cc6aba8a3c7cee417069dbfe5575de573","content":"","imageFullPath":"files/2ef899cdafda8cd10099078cad53e64f92d927410ec6d769393593a696b2d8f1"},{"key":1637288343179,"image":"https://cleanclean-s3.sgp1.digitaloceanspaces.com//public/c92b917cd324b21583c3d5d334b7419efff802ed75d1b50dc84394b7b95a3b41","content":"","imageFullPath":"files/ceca001812e57d0437f727290f5e34ea3b5596f18d3c605a1a7ecae3ad17d6d2"},{"key":1637288353195,"image":"https://cleanclean-s3.sgp1.digitaloceanspaces.com//public/4cbe0ef81a87cacce042a737be8b6ca81ad962342a89a62d6e2ce0b722025ebd","content":"","imageFullPath":"files/900dcab01606a47d0c2d248e91492a60468b85f483bc3040675abeb81eaf3d0f"}]},"createdAt":"2021-12-14T00:52:14.000Z","updatedAt":"2021-12-14T00:52:14.000Z","deletedAt":null,"restoredAt":null,"publish":1,"values":{"value":[{"key":1637288269045,"image":"https://cleanclean-s3.sgp1.digitaloceanspaces.com//public/00c8931d68b5de9b9ebec73bf137084ffb395978c5f491ecc3ec8942434fce8d","content":"","imageFullPath":"https://cleanclean-s3.sgp1.digitaloceanspaces.com//public/00c8931d68b5de9b9ebec73bf137084ffb395978c5f491ecc3ec8942434fce8d"},{"key":1637288276940,"image":"https://cleanclean-s3.sgp1.digitaloceanspaces.com//public/236bfeda882836f0c629e5458a4957db950723fdd77a7f2f9030521dfc1f931e","content":"","imageFullPath":"https://cleanclean-s3.sgp1.digitaloceanspaces.com//public/236bfeda882836f0c629e5458a4957db950723fdd77a7f2f9030521dfc1f931e"},{"key":1637288284195,"image":"https://cleanclean-s3.sgp1.digitaloceanspaces.com//public/6ce6eb7ceecc89b091ad0bd6a6f5bc144708a8656aaa4edc8dd29a8d6ec7076a","content":"","imageFullPath":"https://cleanclean-s3.sgp1.digitaloceanspaces.com//public/6ce6eb7ceecc89b091ad0bd6a6f5bc144708a8656aaa4edc8dd29a8d6ec7076a"},{"key":1637288298577,"image":"https://cleanclean-s3.sgp1.digitaloceanspaces.com//public/6813fd3af88148b588f11a9fbe525391e9441b84cf83f9ebb9f2f56558b2d960","content":"","imageFullPath":"https://cleanclean-s3.sgp1.digitaloceanspaces.com//public/6813fd3af88148b588f11a9fbe525391e9441b84cf83f9ebb9f2f56558b2d960"},{"key":1637288306539,"image":"https://cleanclean-s3.sgp1.digitaloceanspaces.com//public/b38dbe7812f0e987b692708075bb24bf5fb5e8f526f7f63d5a124192a0400eed","content":"","imageFullPath":"https://cleanclean-s3.sgp1.digitaloceanspaces.com//public/b38dbe7812f0e987b692708075bb24bf5fb5e8f526f7f63d5a124192a0400eed"},{"key":1637288324894,"image":"https://cleanclean-s3.sgp1.digitaloceanspaces.com//public/71c423f5b6fffd9dd1f5fb1ea6918ace0fd98ca821c6f796b1fd08c688fd91f9","content":"","imageFullPath":"https://cleanclean-s3.sgp1.digitaloceanspaces.com//public/71c423f5b6fffd9dd1f5fb1ea6918ace0fd98ca821c6f796b1fd08c688fd91f9"},{"key":1637288334693,"image":"https://cleanclean-s3.sgp1.digitaloceanspaces.com//public/a78b9ef0c9058b0eb1d69b4697870d2cc6aba8a3c7cee417069dbfe5575de573","content":"","imageFullPath":"https://cleanclean-s3.sgp1.digitaloceanspaces.com//public/a78b9ef0c9058b0eb1d69b4697870d2cc6aba8a3c7cee417069dbfe5575de573"},{"key":1637288343179,"image":"https://cleanclean-s3.sgp1.digitaloceanspaces.com//public/c92b917cd324b21583c3d5d334b7419efff802ed75d1b50dc84394b7b95a3b41","content":"","imageFullPath":"https://cleanclean-s3.sgp1.digitaloceanspaces.com//public/c92b917cd324b21583c3d5d334b7419efff802ed75d1b50dc84394b7b95a3b41"},{"key":1637288353195,"image":"https://cleanclean-s3.sgp1.digitaloceanspaces.com//public/4cbe0ef81a87cacce042a737be8b6ca81ad962342a89a62d6e2ce0b722025ebd","content":"","imageFullPath":"https://cleanclean-s3.sgp1.digitaloceanspaces.com//public/4cbe0ef81a87cacce042a737be8b6ca81ad962342a89a62d6e2ce0b722025ebd"}]}},{"id":42,"pageId":10,"group":"More For You","type":"EMPTY","order":-1,"label":"","key":"","value":{},"createdAt":"2021-12-14T00:52:14.000Z","updatedAt":"2021-12-14T00:52:14.000Z","deletedAt":null,"restoredAt":null,"publish":1,"values":{}},{"id":43,"pageId":10,"group":"More For You","type":"POST_CATEGORY","order":1,"label":"More For You - Post Category","key":"home_more_for_you","value":{"value":["1"]},"createdAt":"2021-12-14T00:52:14.000Z","updatedAt":"2021-12-14T01:03:34.000Z","deletedAt":null,"restoredAt":null,"publish":1,"values":{"value":["1"]}},{"id":44,"pageId":10,"group":"Join Mailing List","type":"EMPTY","order":-1,"label":"","key":"","value":{},"createdAt":"2021-12-14T00:52:14.000Z","updatedAt":"2021-12-14T00:52:14.000Z","deletedAt":null,"restoredAt":null,"publish":1,"values":{}},{"id":45,"pageId":10,"group":"Join Mailing List","type":"PHOTO","order":2,"label":"Join Mailing List - Banner","key":"join-mailing_list","value":{"value":"files/6dc8c7e465d606b3fa801ae1e14f347aab74339a7cde0dec8f55f07709ba8c72"},"createdAt":"2021-12-14T00:52:14.000Z","updatedAt":"2021-12-14T00:52:14.000Z","deletedAt":null,"restoredAt":null,"publish":1,"values":{"value":"https://cleanclean-s3.sgp1.digitaloceanspaces.com//public/1da419c79dfa867ad55257d436b412bb1b34bf79e4fdf72f946f5fa77eb74119"}}],"imageFullPath":""},{"id":11,"themeId":2,"group":"WEBSITE","name":"Corporate News","url":null,"publish":1,"description":null,"seoProps":null,"createdAt":"2021-12-14T07:50:22.000Z","updatedAt":"2021-12-14T07:50:22.000Z","deletedAt":null,"restoredAt":null,"image":null,"language":"en-us","shortCode":"about-us-corporate-news","theme":{"id":2,"name":"ESPP Theme - en","description":"Theme - en","createdAt":"2021-12-14T00:51:07.000Z","updatedAt":"2021-12-14T00:51:07.000Z","deletedAt":null,"restoredAt":null,"group":"WEBSITE","publish":1,"status":"ENABLE","language":"en-us"},"variants":[{"id":46,"pageId":11,"group":"Corporate News","type":"EMPTY","order":-1,"label":"","key":"","value":{},"createdAt":"2021-12-14T07:53:18.000Z","updatedAt":"2021-12-14T07:53:18.000Z","deletedAt":null,"restoredAt":null,"publish":1,"values":{}},{"id":47,"pageId":11,"group":"Corporate News","type":"TEXT","order":1,"label":"Page Title","key":"corporate-news-title","value":{"value":"CORPORATE NEWS"},"createdAt":"2021-12-14T07:54:22.000Z","updatedAt":"2021-12-15T01:07:25.000Z","deletedAt":null,"restoredAt":null,"publish":1,"values":{"value":"CORPORATE NEWS"}},{"id":48,"pageId":11,"group":"Corporate News","type":"RICHTEXT","order":2,"label":"Description","key":"corporate-news-content","value":{"value":"<p style=\"text-align:center;\"><span style=\"font-size:17px;\"><i>Lorem ipsum dolor sit amet, consectetur adipiscing elit, sed do eiusmod tempor incididunt ut</i></span><br><span style=\"font-size:17px;\"><i>labore et dolore magna aliqua. Ut enim ad minim veniam, quis nostrud exercitation ullamco</i></span><br><span style=\"font-size:17px;\"><i>laboris nisi ut aliquip ex ea commodo consequat. Duis aute...&nbsp;</i></span></p>"},"createdAt":"2021-12-14T07:55:01.000Z","updatedAt":"2021-12-14T07:58:02.000Z","deletedAt":null,"restoredAt":null,"publish":1,"values":{"value":"<p style=\"text-align:center;\"><span style=\"font-size:17px;\"><i>Lorem ipsum dolor sit amet, consectetur adipiscing elit, sed do eiusmod tempor incididunt ut</i></span><br><span style=\"font-size:17px;\"><i>labore et dolore magna aliqua. Ut enim ad minim veniam, quis nostrud exercitation ullamco</i></span><br><span style=\"font-size:17px;\"><i>laboris nisi ut aliquip ex ea commodo consequat. Duis aute...&nbsp;</i></span></p>"}},{"id":49,"pageId":11,"group":"Corporate News","type":"TEXT","order":3,"label":"List Title","key":"corporate-news-list-tile","value":{"value":"Latest News"},"createdAt":"2021-12-14T07:57:49.000Z","updatedAt":"2021-12-14T08:00:04.000Z","deletedAt":null,"restoredAt":null,"publish":1,"values":{"value":"Latest News"}},{"id":50,"pageId":11,"group":"Corporate News","type":"POST_CATEGORY","order":4,"label":"Post Category","key":"corporate-news-post-category","value":{"value":["1"]},"createdAt":"2021-12-14T08:01:37.000Z","updatedAt":"2021-12-14T08:01:51.000Z","deletedAt":null,"restoredAt":null,"publish":1,"values":{"value":["1"]}}],"imageFullPath":""},{"id":12,"themeId":2,"group":"WEBSITE","name":"CSR Initiatives","url":null,"publish":1,"description":null,"seoProps":null,"createdAt":"2021-12-14T07:50:53.000Z","updatedAt":"2021-12-14T07:50:53.000Z","deletedAt":null,"restoredAt":null,"image":null,"language":"en-us","shortCode":"about-us-csr-initiatives","theme":{"id":2,"name":"ESPP Theme - en","description":"Theme - en","createdAt":"2021-12-14T00:51:07.000Z","updatedAt":"2021-12-14T00:51:07.000Z","deletedAt":null,"restoredAt":null,"group":"WEBSITE","publish":1,"status":"ENABLE","language":"en-us"},"variants":[{"id":51,"pageId":12,"group":"CSR Initiatives","type":"EMPTY","order":-1,"label":"","key":"","value":{},"createdAt":"2021-12-15T00:26:55.000Z","updatedAt":"2021-12-15T00:26:55.000Z","deletedAt":null,"restoredAt":null,"publish":1,"values":{}},{"id":52,"pageId":12,"group":"CSR Initiatives","type":"TEXT","order":1,"label":"Page Title","key":"csr-initiatives-title","value":{"value":"CSR INITIATIVES"},"createdAt":"2021-12-15T00:27:34.000Z","updatedAt":"2021-12-15T01:05:30.000Z","deletedAt":null,"restoredAt":null,"publish":1,"values":{"value":"CSR INITIATIVES"}},{"id":53,"pageId":12,"group":"CSR Initiatives","type":"RICHTEXT","order":2,"label":"Description","key":"csr-initiatives-content","value":{"value":"<p style=\"text-align:center;\"><span style=\"font-size:17px;\"><i>Lorem ipsum dolor sit amet, consectetur adipiscing elit, sed do eiusmod tempor incididunt ut</i></span><br><span style=\"font-size:17px;\"><i>labore et dolore magna aliqua. Ut enim ad minim veniam, quis nostrud exercitation ullamco</i></span><br><span style=\"font-size:17px;\"><i>laboris nisi ut aliquip ex ea commodo consequat. Duis aute...</i></span></p>"},"createdAt":"2021-12-15T00:28:07.000Z","updatedAt":"2021-12-15T00:33:15.000Z","deletedAt":null,"restoredAt":null,"publish":1,"values":{"value":"<p style=\"text-align:center;\"><span style=\"font-size:17px;\"><i>Lorem ipsum dolor sit amet, consectetur adipiscing elit, sed do eiusmod tempor incididunt ut</i></span><br><span style=\"font-size:17px;\"><i>labore et dolore magna aliqua. Ut enim ad minim veniam, quis nostrud exercitation ullamco</i></span><br><span style=\"font-size:17px;\"><i>laboris nisi ut aliquip ex ea commodo consequat. Duis aute...</i></span></p>"}},{"id":54,"pageId":12,"group":"CSR Initiatives","type":"POST_CATEGORY","order":3,"label":"Post Category","key":"csr-initiatives-post-category","value":{"value":["1"]},"createdAt":"2021-12-15T00:31:47.000Z","updatedAt":"2021-12-15T00:32:07.000Z","deletedAt":null,"restoredAt":null,"publish":1,"values":{"value":["1"]}}],"imageFullPath":""},{"id":13,"themeId":2,"group":"WEBSITE","name":"Product Catalogue","url":null,"publish":1,"description":null,"seoProps":null,"createdAt":"2021-12-14T07:51:16.000Z","updatedAt":"2021-12-14T07:51:16.000Z","deletedAt":null,"restoredAt":null,"image":null,"language":"en-us","shortCode":"about-us-product-catalogue","theme":{"id":2,"name":"ESPP Theme - en","description":"Theme - en","createdAt":"2021-12-14T00:51:07.000Z","updatedAt":"2021-12-14T00:51:07.000Z","deletedAt":null,"restoredAt":null,"group":"WEBSITE","publish":1,"status":"ENABLE","language":"en-us"},"variants":[{"id":55,"pageId":13,"group":"Product Catalogue","type":"EMPTY","order":-1,"label":"","key":"","value":{},"createdAt":"2021-12-15T01:29:20.000Z","updatedAt":"2021-12-15T01:29:20.000Z","deletedAt":null,"restoredAt":null,"publish":1,"values":{}},{"id":56,"pageId":13,"group":"Product Catalogue","type":"TEXT","order":1,"label":"Page Title","key":"product-catalogue-title","value":{"value":"PRODUCT CATALOGUE"},"createdAt":"2021-12-15T01:30:12.000Z","updatedAt":"2021-12-15T01:30:28.000Z","deletedAt":null,"restoredAt":null,"publish":1,"values":{"value":"PRODUCT CATALOGUE"}},{"id":57,"pageId":13,"group":"Product Catalogue","type":"RICHTEXT","order":2,"label":"Description","key":"product-catalogue-description","value":{"value":"<p style=\"text-align:center;\"><span style=\"font-size:17px;\"><i>Lorem ipsum dolor sit amet, consectetur adipiscing elit, sed do eiusmod tempor incididunt ut</i></span><br><span style=\"font-size:17px;\"><i>labore et dolore magna aliqua. Ut enim ad minim veniam, quis nostrud exercitation ullamco</i></span><br><span style=\"font-size:17px;\"><i>laboris nisi ut aliquip ex ea commodo consequat. Duis aute...&nbsp;</i></span></p>"},"createdAt":"2021-12-15T01:31:08.000Z","updatedAt":"2021-12-15T01:31:22.000Z","deletedAt":null,"restoredAt":null,"publish":1,"values":{"value":"<p style=\"text-align:center;\"><span style=\"font-size:17px;\"><i>Lorem ipsum dolor sit amet, consectetur adipiscing elit, sed do eiusmod tempor incididunt ut</i></span><br><span style=\"font-size:17px;\"><i>labore et dolore magna aliqua. Ut enim ad minim veniam, quis nostrud exercitation ullamco</i></span><br><span style=\"font-size:17px;\"><i>laboris nisi ut aliquip ex ea commodo consequat. Duis aute...&nbsp;</i></span></p>"}}],"imageFullPath":""}]}